Workbook

Sheet Inputs
A1: Bütçe Girdileri ve Kur Ayarları
A2: Kur hücrelerini güncellerseniz tüm TL karşılıkları otomatik değişir.
A4: Parametre | B4: Değer | C4: Birim | D4: Kaynak / Not | E4: Düzenlenebilir mi?
A5: EUR_TL | B5: 53.05735 | C5: TL | D5: TCMB/Cbonds 19.06.2026 EUR/TRY | E5: Evet
A6: SEK_TL | B6: 4.83245 | C6: TL | D6: TCMB/Cbonds 19.06.2026 SEK/TRY | E6: Evet
A7: NOK_TL | B7: 4.7687 | C7: TL | D7: TCMB/Cbonds 19.06.2026 NOK/TRY | E7: Evet
A8: BUFFER | B8: 0.1 | C8: % | D8: Beklenmeyen masraflar için önerilen pay | E8: Evet
A9: YOLCU_SAYISI | B9: 9 | C9: kişi | D9: Dosyadaki toplam yolcu sayısı | E9: Evet
A10: GUN_SAYISI | B10: 10 | C10: gün | D10: 22–31 Temmuz 2026 | E10: Evet
A11: GECIKME_BUFFER_DK | B11: 60 | C11: dk | D11: Havalimanı/liman/gar transferlerinde önerilen ek güvenlik payı | E11: Evet

Sheet Costs
A1: Fiyat Hesaplama Tablosu
A2: Tutar kolonundaki eksik kalemleri doldurun; TL karşılığı ve toplamlar otomatik hesaplanır.
A4: No | B4: Tarih | C4: Kategori | D4: Kalem / Güzergah | E4: Firma/Otel | F4: Para Birimi | G4: kim ödedi | H4: Tutar | I4: EKREM | J4: GÜLTEKİN | K4: FATİH | L4: Kapsanan Kişi | M4: Durum | N4: Risk | O4: Not | P4: TL Karşılığı | Q4: Kişi Başı TL
A5: 1 | B5: 2026-07-22 | C5: Uçak | D5: Antalya → Tallinn bagajlı | E5: SunExpress XQ496 | F5: TL | G5: FATİH | H5: 39213.9 | I5: =6535.65*2 -> 13071.3 | J5: =6535.65*2 -> 13071.3 | K5: =6535.65*2 -> 13071.3 | L5: 6 | M5: Onaylı | N5: Düşük | O5: 6 yetişkin için 1×20 kg | P5: =IF(F5="TL",H5,IF(F5="EUR",H5*Inputs!$B$5,IF(F5="SEK",H5*Inputs!$B$6,IF(F5="NOK",H5*Inputs!$B$7,0)))) -> 39213.9 | Q5: =IF(L5>0,P5/L5,"") -> 6535.65
A6: 2 | B6: 2026-07-22 | C6: Uçak | D6: Antalya → Tallinn bagajsız | E6: SunExpress XQ496 | F6: TL | G6: FATİH | H6: 18143.16 | I6: 6047.72 | J6: =6047.72*2 -> 12095.44 | K6: - | L6: 3 | M6: Onaylı | N6: Orta | O6: 3 kişi yalnız el bagajı | P6: =IF(F6="TL",H6,IF(F6="EUR",H6*Inputs!$B$5,IF(F6="SEK",H6*Inputs!$B$6,IF(F6="NOK",H6*Inputs!$B$7,0)))) -> 18143.16 | Q6: =IF(L6>0,P6/L6,"") -> 6047.72
A7: 3 | B7: 2026-07-23 | C7: Uçak | D7: Tallinn → Vilnius | E7: Wizz Air | F7: EUR | G7: GÜLTEKİN | H7: 350.71 | I7: =14.99+51.79*2 -> 118.57 | J7: =46.79+29.98+51.79 -> 128.56 | K7: =103.58 -> 103.58 | L7: 9 | M7: Onaylı | N7: Orta | O7: Bagaj hakkı faturadan ayrıca kontrol edilmeli | P7: =IF(F7="TL",H7,IF(F7="EUR",H7*Inputs!$B$5,IF(F7="SEK",H7*Inputs!$B$6,IF(F7="NOK",H7*Inputs!$B$7,0)))) -> 18607.743 | Q7: =IF(L7>0,P7/L7,"") -> 2067.527
A8: 4 | B8: 2026-07-23 | C8: Otobüs | D8: Vilnius → Kaunas | E8: TOKS Neo / Kautra | F8: EUR | G8: EKREM | H8: 90 | I8: 30 | J8: 40 | K8: 20 | L8: 9 | M8: Onaylı | N8: Düşük | O8: 17:15–18:50 | P8: =IF(F8="TL",H8,IF(F8="EUR",H8*Inputs!$B$5,IF(F8="SEK",H8*Inputs!$B$6,IF(F8="NOK",H8*Inputs!$B$7,0)))) -> 4775.1615 | Q8: =IF(L8>0,P8/L8,"") -> 530.5735
A9: 5 | B9: 2026-07-24 | C9: Otobüs | D9: Kaunas → Riga | E9: FlixBus N1230 | F9: TL | G9: EKREM | H9: 7731 | I9: =859*3 -> 2577 | J9: =859*4 -> 3436 | K9: =859*2 -> 1718 | L9: 9 | M9: Onaylı | N9: Düşük | O9: 18:05–21:45 | P9: =IF(F9="TL",H9,IF(F9="EUR",H9*Inputs!$B$5,IF(F9="SEK",H9*Inputs!$B$6,IF(F9="NOK",H9*Inputs!$B$7,0)))) -> 7731 | Q9: =IF(L9>0,P9/L9,"") -> 859
A10: 6 | B10: 2026-07-25 | C10: Otobüs | D10: Riga → Tallinn | E10: FlixBus N1301 | F10: TL | G10: EKREM | H10: 6561 | I10: =729*3 -> 2187 | J10: =729*2 -> 1458 | K10: =729*4 -> 2916 | L10: 9 | M10: Onaylı | N10: Düşük | O10: 17:30–21:50; koltuklar atanmamış | P10: =IF(F10="TL",H10,IF(F10="EUR",H10*Inputs!$B$5,IF(F10="SEK",H10*Inputs!$B$6,IF(F10="NOK",H10*Inputs!$B$7,0)))) -> 6561 | Q10: =IF(L10>0,P10/L10,"") -> 729
A11: 7 | B11: 2026-07-26 | C11: Feribot | D11: Tallinn → Helsinki | E11: Eckerö Line M/s Finlandia | F11: EUR | G11: EKREM | H11: 267 | I11: 99 | J11: 102 | K11: 66 | L11: 9 | M11: Onaylı | N11: Düşük | O11: Terminal A → West Harbour T2 | P11: =IF(F11="TL",H11,IF(F11="EUR",H11*Inputs!$B$5,IF(F11="SEK",H11*Inputs!$B$6,IF(F11="NOK",H11*Inputs!$B$7,0)))) -> 14166.312 | Q11: =IF(L11>0,P11/L11,"") -> 1574.0347
A12: 8 | B12: 2026-07-27 | C12: Feribot | D12: Helsinki → Stockholm | E12: Viking Line | F12: EUR | G12: KİŞİSEL | H12: 559 | I12: 256 | J12: 176 | K12: 127 | L12: 9 | M12: Onaylı | N12: Düşük | O12: Gece feribotu; kabin dahil varsayıldı | P12: =IF(F12="TL",H12,IF(F12="EUR",H12*Inputs!$B$5,IF(F12="SEK",H12*Inputs!$B$6,IF(F12="NOK",H12*Inputs!$B$7,0)))) -> 29659.059 | Q12: =IF(L12>0,P12/L12,"") -> 3295.451
A13: 9 | B13: 2026-07-29 | C13: Tren | D13: Stockholm → Oslo | E13: SJ 3000 Tren 645 | F13: SEK | G13: EKREM | H13: =2275+1046 -> 3321 | I13: =455*3 -> 1365 | J13: 1046 | K13: =455*2 -> 910 | L13: 5 | M13: Onaylı | N13: Orta | O13: Tekatli/Ozdemir 5 kişi tutarı var; Kadayifci 4 kişi tutarı eksik biletleri var | P13: =IF(F13="TL",H13,IF(F13="EUR",H13*Inputs!$B$5,IF(F13="SEK",H13*Inputs!$B$6,IF(F13="NOK",H13*Inputs!$B$7,0)))) -> 16048.566 | Q13: =IF(L13>0,P13/L13,"") -> 3209.7133
A14: 10 | B14: 2026-07-23 | C14: Konaklama | D14: Kaunas / Hotel Metropolis | E14: Hotel Metropolis | F14: EUR | G14: GÜLTEKİN | H14: 307.68 | I14: =106 -> 106 | J14: =CostTable[[#This Row],[Tutar]]-182.68 -> 125 | K14: 76.68 | L14: 9 | M14: Onaylı | N14: Düşük | O14: 3 oda, kahvaltı dahil | P14: =IF(F14="TL",H14,IF(F14="EUR",H14*Inputs!$B$5,IF(F14="SEK",H14*Inputs!$B$6,IF(F14="NOK",H14*Inputs!$B$7,0)))) -> 16324.685 | Q14: =IF(L14>0,P14/L14,"") -> 1813.8539
A15: 19 | B15: 2026-07-24 | C15: Konaklama | D15: Riga / Grey Stones Riga | E15: Grey Stone Suits Riga | F15: EUR | G15: GÜLTEKİN | H15: 183.15 | I15: - | J15: =CostTable[[#This Row],[Tutar]]-CostTable[[#This Row],[FATİH]] -> 93.15 | K15: 90 | L15: 5 | M15: Onaylı | N15: Düşük | O15: kadayifci ve Fatih aileleri | P15: =IF(F15="TL",H15,IF(F15="EUR",H15*Inputs!$B$5,IF(F15="SEK",H15*Inputs!$B$6,IF(F15="NOK",H15*Inputs!$B$7,0)))) -> 9717.4537 | Q15: =IF(L15>0,P15/L15,"") -> 1943.4907
A16: 20 | B16: 2026-07-24 | C16: Konaklama | D16: Riga / City in Riga Apartment | E16: City in Riga Apartment | F16: EUR | G16: EKREM | H16: 100.92 | I16: =CostTable[[#This Row],[Tutar]] -> 100.92 | J16: - | K16: - | L16: 3 | M16: Onaylı | N16: Düşük | O16: Tekatlı Ailesi | P16: =IF(F16="TL",H16,IF(F16="EUR",H16*Inputs!$B$5,IF(F16="SEK",H16*Inputs!$B$6,IF(F16="NOK",H16*Inputs!$B$7,0)))) -> 5354.5478
A17: 11 | B17: 46228 | C17: Konaklama | D17: Tallinn / Three Crowns | E17: Three Crowns Tallinn | F17: EUR | G17: GÜLTEKİN | H17: 103.6 | I17: - | J17: =CostTable[[#This Row],[Tutar]] -> 103.6 | K17: - | L17: 4 | M17: Onaylı | N17: Düşük | O17: kadayifci ailesi kahvaltı dahil | P17: =IF(F17="TL",H17,IF(F17="EUR",H17*Inputs!$B$5,IF(F17="SEK",H17*Inputs!$B$6,IF(F17="NOK",H17*Inputs!$B$7,0)))) -> 5496.7415 | Q17: =IF(L17>0,P17/L17,"") -> 1374.1854
A18: 12 | B18: 2026-07-25 | C18: Konaklama | D18: Tallinn / St. Barbara Hotel | E18: St. Barbara Hotel | F18: EUR | G18: EKREM | H18: 183.31 | I18: 87.91 | J18: - | K18: 95.4 | L18: 5 | M18: Onaylı | N18: Düşük | O18: Fatih ve Tekatlı ailesi çift ve 3 kişilik 2 oda | P18: =IF(F18="TL",H18,IF(F18="EUR",H18*Inputs!$B$5,IF(F18="SEK",H18*Inputs!$B$6,IF(F18="NOK",H18*Inputs!$B$7,0)))) -> 9725.9428 | Q18: =IF(L18>0,P18/L18,"") -> 1945.1886
A19: 13 | B19: 2026-07-26 | C19: Konaklama | D19: Helsinki / Scandic Park | E19: Scandic Park Helsinki | F19: EUR | G19: EKREM | H19: =127.8+99.9+120.6 -> 348.3 | I19: 120.6 | J19: 127.8 | K19: 99.9 | L19: 9 | M19: Onaylı | N19: Düşük | O19: Ekrem 3 kişi + Kadayifci 4 kişi; Fatih/Seyda 2 kişi | P19: =IF(F19="TL",H19,IF(F19="EUR",H19*Inputs!$B$5,IF(F19="SEK",H19*Inputs!$B$6,IF(F19="NOK",H19*Inputs!$B$7,0)))) -> 18479.875 | Q19: =IF(L19>0,P19/L19,"") -> 2053.3194
A20: 14 | B20: 2026-07-28 | C20: Konaklama | D20: Stockholm / Wasa Park | E20: Wasa Park Hotel | F20: EUR | G20: EKREM | H20: 137 | I20: 137 | J20: - | K20: - | L20: 3 | M20: Onaylı | N20: Düşük | O20: Tekatlı ailesi 3 kişi | P20: =IF(F20="TL",H20,IF(F20="EUR",H20*Inputs!$B$5,IF(F20="SEK",H20*Inputs!$B$6,IF(F20="NOK",H20*Inputs!$B$7,0)))) -> 7268.857 | Q20: =IF(L20>0,P20/L20,"") -> 2422.9523
A21: 15 | B21: 2026-07-28 | C21: Konaklama | D21: Stockholm /Hotel With Urban Deli | E21: Hotel With Urban Deli | F21: SEK | G21: FATİH | H21: 1129.95 | I21: - | J21: - | K21: =CostTable[[#This Row],[Tutar]] -> 1129.95 | L21: 2 | M21: Onaylı | N21: Düşük | O21: Fatih özdemir 2 kişi | P21: =IF(F21="TL",H21,IF(F21="EUR",H21*Inputs!$B$5,IF(F21="SEK",H21*Inputs!$B$6,IF(F21="NOK",H21*Inputs!$B$7,0)))) -> 5460.4269
A22: 15 | B22: 2026-07-28 | C22: Konaklama | D22: Stockholm /Hotel With Urban Deli | E22: Hotel With Urban Deli | F22: TL | G22: GÜLTEKİN | H22: 8652.03 | I22: - | J22: 8652.03 | K22: - | L22: 4 | M22: Onaylı | N22: Düşük | O22: Gültekin KADAYİFCİ 1 king boy oda hotels.com | P22: =IF(F22="TL",H22,IF(F22="EUR",H22*Inputs!$B$5,IF(F22="SEK",H22*Inputs!$B$6,IF(F22="NOK",H22*Inputs!$B$7,0)))) -> 8652.03
A23: 15 | B23: 2026-07-29 | C23: Konaklama | D23: Oslo otelleri | E23: Radisson RED | F23: EUR | G23: EKREM | H23: 385 | I23: 224 | J23: - | K23: 161 | L23: 5 | M23: Onaylı | N23: Orta | O23: EKREM VE FATİH AİLELERİ - 00:14 varış için geç check-in onayı alınmalı | P23: =IF(F23="TL",H23,IF(F23="EUR",H23*Inputs!$B$5,IF(F23="SEK",H23*Inputs!$B$6,IF(F23="NOK",H23*Inputs!$B$7,0)))) -> 20427.08 | Q23: =IF(L23>0,P23/L23,"") -> 4085.416
A24: 15 | B24: 2026-07-29 | C24: Konaklama | D24: Oslo otelleri | E24: City Sea Lux | F24: NOK | G24: GÜLTEKİN | H24: 2026.62 | I24: - | J24: =CostTable[[#This Row],[Tutar]] -> 2026.62 | K24: - | L24: 4 | M24: Onaylı | N24: Orta | O24: GÜLTEKİN 00:14 varış için geç check-in onayı alınmalı | P24: =IF(F24="TL",H24,IF(F24="EUR",H24*Inputs!$B$5,IF(F24="SEK",H24*Inputs!$B$6,IF(F24="NOK",H24*Inputs!$B$7,0)))) -> 9664.3428 | Q24: =IF(L24>0,P24/L24,"") -> 2416.0857
A25: 16 | B25: 2026-07-30 | C25: Uçak | D25: Oslo → İzmir bagajlı | E25: SunExpress XQ953 | F25: TL | G25: FATİH | H25: 35758.68 | I25: =5959.78*2 -> 11919.56 | J25: =5959.78*2 -> 11919.56 | K25: =5959.78*2 -> 11919.56 | L25: 6 | M25: Onaylı | N25: Düşük | O25: 6 kişi 1×20 kg | P25: =IF(F25="TL",H25,IF(F25="EUR",H25*Inputs!$B$5,IF(F25="SEK",H25*Inputs!$B$6,IF(F25="NOK",H25*Inputs!$B$7,0)))) -> 35758.68 | Q25: =IF(L25>0,P25/L25,"") -> 5959.78
A26: 17 | B26: 2026-07-30 | C26: Uçak | D26: Oslo → İzmir bagajsız | E26: SunExpress XQ953 | F26: TL | G26: FATİH | H26: 16829.34 | I26: =CostTable[[#This Row],[Tutar]]/3 -> 5609.78 | J26: =CostTable[[#This Row],[Tutar]]/3*2 -> 11219.56 | K26: - | L26: 3 | M26: Onaylı | N26: Orta | O26: 3 kişi yalnız el bagajı | P26: =IF(F26="TL",H26,IF(F26="EUR",H26*Inputs!$B$5,IF(F26="SEK",H26*Inputs!$B$6,IF(F26="NOK",H26*Inputs!$B$7,0)))) -> 16829.34 | Q26: =IF(L26>0,P26/L26,"") -> 5609.78
D27: AFYON ANTALYA GİDİŞ | G27: EKREM | H27: =SUBTOTAL(109,I27:K27) -> 2740 | I27: =540*2+580 -> 1660 | J27: - | K27: =540*2 -> 1080 | L27: 5
D28: AFYON ANTALYA GİDİŞ | G28: GÜLTEKİN | H28: 2160 | I28: - | J28: 2160 | K28: - | L28: 4
A29: 23 | B29: 2026-07-31 | C29: Transfer | D29: İzmir → Afyon dönüş | E29: Belirlenecek | F29: TL | H29: 0 | L29: 9 | M29: Eksik | N29: Yüksek | O29: Tatil Antalya çıkışlı ama dönüş İzmir'de bitiyor | P29: =IF(F29="TL",H29,IF(F29="EUR",H29*Inputs!$B$5,IF(F29="SEK",H29*Inputs!$B$6,IF(F29="NOK",H29*Inputs!$B$7,0)))) -> 0 | Q29: =IF(L29>0,P29/L29,"") -> 0
A30: 24 | B30: Genel | C30: Transfer | D30: Şehir içi transferler | E30: Taksi / toplu taşıma | F30: EUR | H30: 0 | L30: 9 | M30: Eksik | N30: Orta | O30: Havalimanı, liman, otogar, otel transferleri bütçeye eklenmeli | P30: =IF(F30="TL",H30,IF(F30="EUR",H30*Inputs!$B$5,IF(F30="SEK",H30*Inputs!$B$6,IF(F30="NOK",H30*Inputs!$B$7,0)))) -> 0 | Q30: =IF(L30>0,P30/L30,"") -> 0
A31: 25 | B31: Genel | C31: Yeme-İçme | D31: Günlük yemek bütçesi | E31: Restoran / market | F31: EUR | H31: 0 | L31: 9 | M31: Eksik | N31: Orta | O31: Günlük kişi başı bütçe belirlenmeli | P31: =IF(F31="TL",H31,IF(F31="EUR",H31*Inputs!$B$5,IF(F31="SEK",H31*Inputs!$B$6,IF(F31="NOK",H31*Inputs!$B$7,0)))) -> 0 | Q31: =IF(L31>0,P31/L31,"") -> 0
A32: 26 | B32: Genel | C32: Aktivite | D32: Müze ve giriş ücretleri | E32: Müzeler | F32: EUR | H32: 0 | L32: 9 | M32: Eksik | N32: Orta | O32: Vasa, müzeler, şehir kartları vb. | P32: =IF(F32="TL",H32,IF(F32="EUR",H32*Inputs!$B$5,IF(F32="SEK",H32*Inputs!$B$6,IF(F32="NOK",H32*Inputs!$B$7,0)))) -> 0 | Q32: =IF(L32>0,P32/L32,"") -> 0
A33: 27 | B33: Genel | C33: Evrak | D33: Vize / sigorta / hizmet bedeli | E33: Belirlenecek | F33: EUR | H33: 0 | L33: 9 | M33: Eksik | N33: Orta | O33: Schengen vizesi, seyahat sigortası, aracı hizmet bedelleri | P33: =IF(F33="TL",H33,IF(F33="EUR",H33*Inputs!$B$5,IF(F33="SEK",H33*Inputs!$B$6,IF(F33="NOK",H33*Inputs!$B$7,0)))) -> 0 | Q33: =IF(L33>0,P33/L33,"") -> 0

Sheet Sayfa1
A1: 4 | B1: 2026-07-23 | C1: Otobüs | D1: Vilnius → Kaunas | E1: TOKS Neo / Kautra | F1: EUR | G1: 90 | H1: 30 | I1: 40 | J1: 20 | K1: 9 | L1: Onaylı | M1: Düşük | N1: 17:15–18:50 | O1: =IF(F1="TL",G1,IF(F1="EUR",G1*Inputs!$B$5,IF(F1="SEK",G1*Inputs!$B$6,IF(F1="NOK",G1*Inputs!$B$7,0)))) -> 4775.1615 | P1: =IF(K1>0,O1/K1,"") -> 530.5735
A2: 5 | B2: 2026-07-24 | C2: Otobüs | D2: Kaunas → Riga | E2: FlixBus N1230 | F2: TL | G2: 7731 | H2: =859*3 -> 2577 | I2: =859*4 -> 3436 | J2: =859*2 -> 1718 | K2: 9 | L2: Onaylı | M2: Düşük | N2: 18:05–21:45 | O2: =IF(F2="TL",G2,IF(F2="EUR",G2*Inputs!$B$5,IF(F2="SEK",G2*Inputs!$B$6,IF(F2="NOK",G2*Inputs!$B$7,0)))) -> 7731 | P2: =IF(K2>0,O2/K2,"") -> 859
A3: 6 | B3: 2026-07-25 | C3: Otobüs | D3: Riga → Tallinn | E3: FlixBus N1301 | F3: TL | G3: 6561 | H3: =729*3 -> 2187 | I3: =729*2 -> 1458 | J3: =729*4 -> 2916 | K3: 9 | L3: Onaylı | M3: Düşük | N3: 17:30–21:50; koltuklar atanmamış | O3: =IF(F3="TL",G3,IF(F3="EUR",G3*Inputs!$B$5,IF(F3="SEK",G3*Inputs!$B$6,IF(F3="NOK",G3*Inputs!$B$7,0)))) -> 6561 | P3: =IF(K3>0,O3/K3,"") -> 729 | T3: 102 | U3: 66
A4: 9 | B4: 2026-07-29 | C4: Tren | D4: Stockholm → Oslo | E4: SJ 3000 Tren 645 | F4: SEK | G4: =2275+1046 -> 3321 | H4: =455*3 -> 1365 | I4: 1046 | J4: =455*2 -> 910 | K4: 5 | L4: Onaylı | M4: Orta | N4: Tekatli/Ozdemir 5 kişi tutarı var; Kadayifci 4 kişi tutarı eksik biletleri var | O4: =IF(F4="TL",G4,IF(F4="EUR",G4*Inputs!$B$5,IF(F4="SEK",G4*Inputs!$B$6,IF(F4="NOK",G4*Inputs!$B$7,0)))) -> 16048.566 | P4: =IF(K4>0,O4/K4,"") -> 3209.7133
A5: 20 | B5: 2026-07-24 | C5: Konaklama | D5: Riga / City in Riga Apartment | E5: City in Riga Apartment | F5: EUR | G5: 100.92 | H5: =CostTable[[#This Row],[Tutar]] -> 39213.9 | I5: - | J5: - | K5: 3 | L5: Onaylı | M5: Düşük | N5: Tekatlı Ailesi | O5: =IF(F5="TL",G5,IF(F5="EUR",G5*Inputs!$B$5,IF(F5="SEK",G5*Inputs!$B$6,IF(F5="NOK",G5*Inputs!$B$7,0)))) -> 5354.5478
A6: 14 | B6: 2026-07-28 | C6: Konaklama | D6: Stockholm / Wasa Park | E6: Wasa Park Hotel | F6: EUR | G6: 137 | H6: 137 | I6: - | J6: - | K6: 3 | L6: Onaylı | M6: Düşük | N6: Tekatlı ailesi 3 kişi | O6: =IF(F6="TL",G6,IF(F6="EUR",G6*Inputs!$B$5,IF(F6="SEK",G6*Inputs!$B$6,IF(F6="NOK",G6*Inputs!$B$7,0)))) -> 7268.857 | P6: =IF(K6>0,O6/K6,"") -> 2422.9523
A7: 15 | B7: 2026-07-29 | C7: Konaklama | D7: Oslo otelleri | E7: Radisson RED | F7: EUR | G7: 385 | H7: 224 | I7: - | J7: 161 | K7: 5 | L7: Onaylı | M7: Orta | N7: EKREM VE FATİH AİLELERİ - 00:14 varış için geç check-in onayı alınmalı | O7: =IF(F7="TL",G7,IF(F7="EUR",G7*Inputs!$B$5,IF(F7="SEK",G7*Inputs!$B$6,IF(F7="NOK",G7*Inputs!$B$7,0)))) -> 20427.08 | P7: =IF(K7>0,O7/K7,"") -> 4085.416
A8: 7 | B8: 2026-07-26 | C8: Feribot | D8: Tallinn → Helsinki | E8: Eckerö Line M/s Finlandia | F8: EUR | G8: 267 | H8: =165/5*3 -> 99 | I8: 102 | J8: =33*2 -> 66 | K8: 9 | L8: Onaylı | M8: Düşük | N8: Terminal A → West Harbour T2 | O8: =IF(F8="TL",G8,IF(F8="EUR",G8*Inputs!$B$5,IF(F8="SEK",G8*Inputs!$B$6,IF(F8="NOK",G8*Inputs!$B$7,0)))) -> 14166.312 | P8: =IF(K8>0,O8/K8,"") -> 1574.0347

Sheet Dashboard
A1: Baltık & İskandinavya Tatil Kontrol Paneli
A2: Kimlik/TC/pasaport numaraları bu dosyaya dahil edilmedi.
A4: Özet Göstergeler
A5: Toplam TL karşılığı | B5: =SUM(Costs!P5:P34) -> 324065.9 | C5: Ortalama kişi başı | D5: =B5/Inputs!$B$9 -> 36007.323 | E5: Eksik/Kısmi kayıt | F5: =COUNTIF(Costs!M5:M34,"Eksik")+COUNTIF(Costs!M5:M34,"Kısmi") -> 5
A6: TL toplamı | B6: =SUMIF(Costs!F5:F34,"TL",Costs!H5:H34) -> 132889.11 | C6: EUR toplamı | D6: =SUMIF(Costs!F5:F34,"EUR",Costs!H5:H34) -> 3015.67 | E6: SEK toplamı | F6: =SUMIF(Costs!F5:F34,"SEK",Costs!H5:H34) -> 4450.95
A7: Dosyadaki EUR özet farkı | B7: =SUMIF(Costs!F5:F34,"EUR",Costs!H5:H34)-2677.7 -> 337.97 | C7: Önerilen %10 buffer | D7: =B5*Inputs!$B$8 -> 32406.59 | E7: Buffer dahil toplam | F7: =B5+D7 -> 356472.5
A10: Kategori | B10: TL Karşılığı | C10: Kayıt Sayısı | D10: Onaylı | E10: Kısmi | F10: Eksik | H10: İlk Yapılacak 7 İş
A11: Uçak | B11: =SUMIF(Costs!$C$5:$C$34,A11,Costs!$P$5:$P$34) -> 128552.82 | C11: =COUNTIF(Costs!$C$5:$C$34,A11) -> 5 | D11: =COUNTIFS(Costs!$C$5:$C$34,A11,Costs!$M$5:$M$34,"Onaylı") -> 5 | E11: =COUNTIFS(Costs!$C$5:$C$34,A11,Costs!$M$5:$M$34,"Kısmi") -> 0 | F11: =COUNTIFS(Costs!$C$5:$C$34,A11,Costs!$M$5:$M$34,"Eksik") -> 0 | H11: Riga 24–25 Temmuz: 5 kişilik eksik konaklamayı doğrula/ekle.
A12: Otobüs | B12: =SUMIF(Costs!$C$5:$C$34,A12,Costs!$P$5:$P$34) -> 19067.162 | C12: =COUNTIF(Costs!$C$5:$C$34,A12) -> 3 | D12: =COUNTIFS(Costs!$C$5:$C$34,A12,Costs!$M$5:$M$34,"Onaylı") -> 3 | E12: =COUNTIFS(Costs!$C$5:$C$34,A12,Costs!$M$5:$M$34,"Kısmi") -> 0 | F12: =COUNTIFS(Costs!$C$5:$C$34,A12,Costs!$M$5:$M$34,"Eksik") -> 0 | H12: Tallinn 25–26 Temmuz: St. Barbara 2 kişi mi, 9 kişi mi netleştir.
A13: Feribot | B13: =SUMIF(Costs!$C$5:$C$34,A13,Costs!$P$5:$P$34) -> 43825.371 | C13: =COUNTIF(Costs!$C$5:$C$34,A13) -> 2 | D13: =COUNTIFS(Costs!$C$5:$C$34,A13,Costs!$M$5:$M$34,"Onaylı") -> 2 | E13: =COUNTIFS(Costs!$C$5:$C$34,A13,Costs!$M$5:$M$34,"Kısmi") -> 0 | F13: =COUNTIFS(Costs!$C$5:$C$34,A13,Costs!$M$5:$M$34,"Eksik") -> 0 | H13: Helsinki 26–27 Temmuz: Fatih & Şeyda için oda durumunu kontrol et.
A14: Tren | B14: =SUMIF(Costs!$C$5:$C$34,A14,Costs!$P$5:$P$34) -> 16048.566 | C14: =COUNTIF(Costs!$C$5:$C$34,A14) -> 1 | D14: =COUNTIFS(Costs!$C$5:$C$34,A14,Costs!$M$5:$M$34,"Onaylı") -> 1 | E14: =COUNTIFS(Costs!$C$5:$C$34,A14,Costs!$M$5:$M$34,"Kısmi") -> 0 | F14: =COUNTIFS(Costs!$C$5:$C$34,A14,Costs!$M$5:$M$34,"Eksik") -> 0 | H14: Stockholm 28–29 Temmuz: 6 kişilik eksik konaklamayı çöz.
A15: Konaklama | B15: =SUMIF(Costs!$C$5:$C$34,A15,Costs!$P$5:$P$34) -> 116571.98 | C15: =COUNTIF(Costs!$C$5:$C$34,A15) -> 11 | D15: =COUNTIFS(Costs!$C$5:$C$34,A15,Costs!$M$5:$M$34,"Onaylı") -> 11 | E15: =COUNTIFS(Costs!$C$5:$C$34,A15,Costs!$M$5:$M$34,"Kısmi") -> 0 | F15: =COUNTIFS(Costs!$C$5:$C$34,A15,Costs!$M$5:$M$34,"Eksik") -> 0 | H15: Stockholm → Oslo treninde Kadayifci aile tutarını ekle.
A16: Transfer | B16: =SUMIF(Costs!$C$5:$C$34,A16,Costs!$P$5:$P$34) -> 0 | C16: =COUNTIF(Costs!$C$5:$C$34,A16) -> 2 | D16: =COUNTIFS(Costs!$C$5:$C$34,A16,Costs!$M$5:$M$34,"Onaylı") -> 0 | E16: =COUNTIFS(Costs!$C$5:$C$34,A16,Costs!$M$5:$M$34,"Kısmi") -> 0 | F16: =COUNTIFS(Costs!$C$5:$C$34,A16,Costs!$M$5:$M$34,"Eksik") -> 2 | H16: Wizz Air Tallinn→Vilnius bagaj hakkını PNR bazında kontrol et.
A17: Yeme-İçme | B17: =SUMIF(Costs!$C$5:$C$34,A17,Costs!$P$5:$P$34) -> 0 | C17: =COUNTIF(Costs!$C$5:$C$34,A17) -> 1 | D17: =COUNTIFS(Costs!$C$5:$C$34,A17,Costs!$M$5:$M$34,"Onaylı") -> 0 | E17: =COUNTIFS(Costs!$C$5:$C$34,A17,Costs!$M$5:$M$34,"Kısmi") -> 0 | F17: =COUNTIFS(Costs!$C$5:$C$34,A17,Costs!$M$5:$M$34,"Eksik") -> 1 | H17: İzmir → Antalya dönüş transferini planla.
A18: Aktivite | B18: =SUMIF(Costs!$C$5:$C$34,A18,Costs!$P$5:$P$34) -> 0 | C18: =COUNTIF(Costs!$C$5:$C$34,A18) -> 1 | D18: =COUNTIFS(Costs!$C$5:$C$34,A18,Costs!$M$5:$M$34,"Onaylı") -> 0 | E18: =COUNTIFS(Costs!$C$5:$C$34,A18,Costs!$M$5:$M$34,"Kısmi") -> 0 | F18: =COUNTIFS(Costs!$C$5:$C$34,A18,Costs!$M$5:$M$34,"Eksik") -> 1
A19: Evrak | B19: =SUMIF(Costs!$C$5:$C$34,A19,Costs!$P$5:$P$34) -> 0 | C19: =COUNTIF(Costs!$C$5:$C$34,A19) -> 1 | D19: =COUNTIFS(Costs!$C$5:$C$34,A19,Costs!$M$5:$M$34,"Onaylı") -> 0 | E19: =COUNTIFS(Costs!$C$5:$C$34,A19,Costs!$M$5:$M$34,"Kısmi") -> 0 | F19: =COUNTIFS(Costs!$C$5:$C$34,A19,Costs!$M$5:$M$34,"Eksik") -> 1

Sheet Itinerary
A1: Gün Gün Güzergah Kontrolü
A2: Rota yoğun ama uygulanabilir; kritik nokta konaklama ve bağlantı güvenliği.
A4: Tarih | B4: Şehir/Güzergah | C4: Saat | D4: Ulaşım/Konaklama | E4: Durum | F4: Kontrol Sonucu | G4: Önerilen Akış | H4: Risk | I4: Not | J4: Yapılacak
A5: 22 Tem | B5: Antalya → Tallinn | C5: 23:25–03:35 | D5: SunExpress XQ496 | E5: Onaylı | F5: Uygun | G5: Havalimanına en az 2 saat önce; ayrı bilet bağlantısı için evraklar hazır | H5: Orta | I5: Gece uçuşu sonrası Tallinn'de uzun bekleme var | J5: Online check-in ve koltuk/bagaj kontrolü
A6: 23 Tem | B6: Tallinn → Vilnius → Kaunas | C6: 08:05 + 17:15–18:50 | D6: Wizz + TOKS | E6: Onaylı/Kısmi | F6: Uygun ama yorucu | G6: Vilnius merkez kısa yürüyüş: Katedral, Eski Şehir; 16:00 gibi otogara geç | H6: Orta | I6: Tallinn-Vilnius varış saati dosyada eksik | J6: Wizz varış saatini ve bagajı kontrol et
A7: 24 Tem | B7: Kaunas → Riga | C7: 18:05–21:45 | D7: FlixBus + Riga otel | E7: Kısmi | F7: Konaklama eksik | G7: Kaunas yürüyüş rotası; 17:15 gibi otogarda olun | H7: Yüksek | I7: Riga'da sadece 4 kişilik konaklama görünüyor | J7: riga konaklaması city in riga hotelde 3 kişi tekatlı ailesi
A8: 25 Tem | B8: Riga → Tallinn | C8: 17:30–21:50 | D8: FlixBus + Tallinn otel | E8: Kısmi | F8: Konaklama eksik | G8: Riga Old Town + Central Market; 16:45 otogara geç | H8: Yüksek | I8: Tallinn'de sadece 2 kişilik konaklama görünüyor | J8: 7 kişilik oda/rezervasyon doğrula
A9: 26 Tem | B9: Tallinn → Helsinki | C9: 18:30–21:00 | D9: Eckerö Line + Scandic | E9: Kısmi | F9: Helsinki konaklama eksik | G9: Tallinn Old Town; en geç 16:45 Terminal A | H9: Yüksek | I9: Eckerö check-in 45 dk önce kapanır | J9: Fatih & Şeyda odası netleşsin
A10: 27 Tem | B10: Helsinki → Stockholm | C10: 18:10 | D10: Viking Line gece feribotu | E10: Onaylı | F10: Uygun | G10: Senato Meydanı + Market Square; Suomenlinna yapılacaksa kısa tutulmalı | H10: Orta | I10: Katajanokka terminaline zamanında geçilmeli | J10: Kabin ve terminal bilgisini PNR ile doğrula
A11: 28 Tem | B11: Stockholm | C11: Sabah varış + gece | D11: Viking + Wasa Park | E11: Kısmi | F11: Konaklama eksik | G11: Viking terminali → Gamla Stan → Vasa Müzesi → otel | H11: Yüksek | I11: Wasa Park 3 kişi; 6 kişi eksik | J11: 6 kişilik oda çöz
A12: 29 Tem | B12: Stockholm → Oslo | C12: 18:19–00:14 | D12: SJ Tren + Oslo otelleri | E12: Kısmi | F12: Tren tutarı eksik | G12: Gündüz Stockholm; tren öncesi erken istasyon | H12: Orta | I12: Oslo varış tarihi teknik olarak 30 Temmuz | J12: Otellere geç check-in mesajı at
A13: 30 Tem | B13: Oslo → İzmir | C13: 23:40–04:40 | D13: SunExpress XQ953 | E13: Onaylı/Eksik | F13: Dönüş tamamlanmamış | G13: Opera + Akershus + Vigeland; 20:30 civarı OSL'ye hareket | H13: Yüksek | I13: Tatil Antalya çıkışlı ama İzmir'de bitiyor | J13: İzmir→Antalya dönüşünü ekle

Sheet Plan_Check
A1: Tam Plan Kontrol Raporu
A2: Öncelik sırasına göre eksikler ve önerilen düzeltmeler.
A4: Öncelik | B4: Konu | C4: Bulgu | D4: Neden önemli? | E4: Yapılacak işlem | F4: Durum | G4: Sorumlu/Not
A5: 1 | B5: EUR toplamı | C5: Dosyada genel EUR toplamı €2.677,70 yazıyor; satır satır toplam €2.814,70 ediyor. | D5: €137 Wasa Park maliyeti toplamdan düşmüş görünüyor. | E5: Excelde toplam otomatik düzeltildi; ödeme kayıtlarıyla karşılaştır. | F5: Açık
A6: 2 | B6: Riga konaklama | C6: Three Crowns Riga sadece Kadayifci 4 kişi için görünüyor. | D6: Gece varışta 5 kişi için oda belirsiz. | E6: Ekrem/Tekatli-Ozdemir 5 kişi için oda/rezervasyon ekle. | F6: Açık
A7: 3 | B7: Tallinn konaklama | C7: St. Barbara Hotel sadece 2 kişi olarak görünmekte. | D7: 25 Temmuz gecesi 7 kişi açıkta kalabilir. | E7: Rezervasyon kişi sayısını teyit et; gerekirse 7 kişilik oda ekle. | F7: Açık
A8: 4 | B8: Helsinki konaklama | C8: Scandic Park toplam 7 kişi; Fatih ve Şeyda görünmüyor. | D8: 26 Temmuz geç varışta oda sorunu yaşanabilir. | E8: 2 kişi için rezervasyon/oda paylaşımı netleşsin. | F8: Açık
A9: 5 | B9: Stockholm konaklama | C9: Wasa Park sadece 3 kişi; 6 kişi eksik. | D9: Stockholm konaklama fiyatları yüksek olabilir; erken çözülmeli. | E9: 6 kişilik konaklama ekle veya mevcut rezervasyonu genişlet. | F9: Açık
A10: 6 | B10: Tren ücreti | C10: Stockholm→Oslo treninde Kadayifci 4 kişi tutarı yok. | D10: Genel toplam eksik hesaplanıyor. | E10: PNR WWM4LSCU faturasını bul ve Costs satır 18'e gir. | F10: Açık
A11: 7 | B11: Oslo geç varış | C11: Tren Oslo'ya 00:14'te varıyor. | D11: Otel check-in tarihi 29 Temmuz ise gece yarısı sonrası check-in garanti edilmeli. | E11: Radisson RED ve City Sea Lux'a geç check-in bilgisi ver. | F11: Açık
A12: 8 | B12: Dönüş şehri | C12: Dönüş İzmir'de bitiyor, başlangıç Antalya. | D12: Ailelerin Antalya'ya/ikamet yerine dönüşü bütçede yok. | E12: İzmir→Antalya uçak/otobüs/araç planı ekle. | F12: Açık
A13: 9 | B13: Wizz bagaj | C13: Wizz Air bagaj hakkı dosyada net değil. | D13: SunExpress bagajlı yolcuların valizi Wizz uçuşunda sorun yaratabilir. | E13: PNR bazında kabin/checked bagaj kontrolü yap. | F13: Açık
A14: 10 | B14: Yoğun tempo | C14: Her şehirde çok kısa süre var. | D14: 9 kişi ve çocuklarla gecikme riski artar. | E14: Her şehirde 2–3 ana nokta seç; müze sayısını azalt. | F14: Açık

Sheet Recommendations
A1: Güzergah ve Şehir Tavsiyeleri
A2: 9 kişilik grup ve çocuklarla uygulanabilir kısa rotalar.
A4: Şehir | B4: Zaman | C4: Önerilen rota | D4: Ulaşım / transfer | E4: Kaçınılacak / dikkat | F4: Bütçe notu | G4: Öncelik | H4: Kaynak / Kontrol
A5: Tallinn | B5: 23 Tem sabah + 26 Tem gündüz | C5: Old Town, Toompea, Alexander Nevsky, Town Hall Square | D5: Terminal A Old Town'a yakın; 26 Tem en geç 16:45 limanda olun | E5: Aynı gün hem şehir hem liman yoğun olabilir | F5: Taksi/Bolt bütçesi ekleyin | G5: Yüksek | H5: Eckerö terminal ve check-in bilgisi
A6: Vilnius | B6: 23 Tem gündüz | C6: Katedral Meydanı, Gediminas, Eski Şehir, Užupis kısa yürüyüş | D6: Havalimanı → merkez → otogar için taksi/bolt önerilir | E6: Valizle uzun yürüyüşten kaçının | F6: Luggage storage/transfer eklenmeli | G6: Orta
A7: Kaunas | B7: 23 gece + 24 gündüz | C7: Laisvės Alėja, Belediye Meydanı, Kaunas Kalesi | D7: Hotel Metropolis merkezde; yürüyüş ağırlıklı | E7: IX Fort zaman alır, kısa kalışta zor | F7: Öğle yemeği + otogar taksi ekle | G7: Orta
A8: Riga | B8: 24 gece + 25 gündüz | C8: Old Town, Dome, House of Blackheads, Özgürlük Anıtı, Central Market | D8: Gece otobüs varışında taksi daha güvenli | E8: Otogar çevresinde valizle geç saat dolaşmayın | F8: Eksik otel çözülmeli | G8: Yüksek
A9: Helsinki | B9: 26 gece + 27 gündüz | C9: Senato Meydanı, Helsinki Katedrali, Uspenski, Market Square; kısa Suomenlinna | D9: West Harbour T2 → otel; 27 Tem Katajanokka terminaline erken geç | E9: Suomenlinna yapılırsa feribot dönüş payı bırakın | F9: Tram/grup bilet bütçesi ekleyin | G9: Yüksek | H9: HSL/Suomenlinna; Viking terminal bilgisi
A10: Stockholm | B10: 28 gündüz + 29 gündüz | C10: Gamla Stan, Kraliyet Sarayı dış alan, Vasa Müzesi, Djurgården | D10: Viking Stadsgården → otel/merkez; tren günü luggage storage | E10: Müzeleri 1–2 ile sınırlandırın | F10: Vasa yetişkin bileti pahalı; çocuklar ücretsiz olabilir | G10: Yüksek | H10: Vasa Museum saatleri
A11: Oslo | B11: 30 Tem gündüz | C11: Opera, Akershus, Karl Johans Gate, Vigeland Park; alternatif Fram/Kon-Tiki | D11: Oslo S → OSL tren 23 dk; uçuş için 20:30 civarı hareket iyi | E11: Viking Ship Museum kapalı | F11: NOK harcama ve havalimanı treni bütçeye eklenmeli | G11: Yüksek | H11: Vy; Viking Museum closure

Sheet Sources
A1: Kaynaklar ve Notlar
A2: Excel içindeki güncel tavsiyelerde kullanılan doğrulama kaynakları.
A4: Konu | B4: Kaynak | C4: URL | D4: Not
A5: Planın kaynağı | B5: Kullanıcı tarafından yüklenen markdown planı | C5: Yapıştırılan markdown(1).md | D5: Uçuş, otel, feribot ve maliyet kalemleri bu dosyadan alınmıştır.
A6: Kur verileri | B6: TCMB / Cbonds | C6: https://cbonds.com/indexes/180233/ | D6: EUR/TRY, SEK/TRY, NOK/TRY değerleri 19.06.2026 satırlarından alınmıştır; güncellenebilir.
A7: Eckerö Line check-in | B7: Eckerö Line | C7: https://www.eckeroline.com/how-to-check-in | D7: Check-in 2 saat önce başlar, 45 dk önce kapanır.
A8: Eckerö Tallinn terminal | B8: Eckerö Line Tallinn harbour | C8: https://www.eckeroline.com/harbour-connections-tallinn | D8: Tallinn A-terminal; Old Town'a yakın.
A9: Schengen evrak | B9: Your Europe | C9: https://europa.eu/youreurope/citizens/travel/entry-exit/non-eu-nationals/index_en.htm | D9: Pasaport 3 ay kuralı ve 10 yıl içinde düzenlenmiş olma şartı.
A10: Viking Line terminal | B10: Viking Line Helsinki harbour | C10: https://www.sales.vikingline.com/my-booking/good-to-know/harbours/helsinki/ | D10: Helsinki Katajanokka terminal adresi.
A11: Stockholm terminal | B11: Viking Line Stockholm harbour | C11: https://www.sales.vikingline.com/my-booking/good-to-know/harbours/stockholm/ | D11: Stockholm Stadsgården terminal bilgisi.
A12: Vasa Museum | B12: Vasa Museum official | C12: https://www.vasamuseet.se/en/visit/hours--admission | D12: Haziran–Ağustos 08:30–18:00.
A13: Suomenlinna ulaşım | B13: HSL | C13: https://www.hsl.fi/en/travelling/visitors/suomenlinna | D13: Kauppatori'den 15 dk feribot; yazın sık sefer.
A14: Oslo havalimanı treni | B14: Vy | C14: https://www.vy.no/en/travelling-with-vy/to-and-from-airport | D14: Oslo S → OSL yaklaşık 23 dk.
A15: Oslo Viking Museum | B15: Museum of the Viking Age | C15: https://www.vikingtidsmuseet.no/english/ | D15: Viking Ship Museum kapalı; 2027'de açılması planlanıyor.

Sheet Borç ve Hesaplaşma
A1: 📊 Tatil Bütçesi Borç Hesaplaşma ve Netleştirme Raporu
A3: 1. Netleşmiş Tek Para Birimi (TL) Ödeme Planı
A4: Tüm para birimleri güncel kurlarla TL'ye çevrilip netleştirilmiş, yapılması gereken transfer listesi (Arayüzle birebir uyumlu):
A5: Kimden (Borçlu) | B5: Yön | C5: Kime (Alacaklı) | D5: Tutar (TL)
A6: EKREM | B6: ➔ | C6: FATİH | D6: 3069.5646
A7: GÜLTEKİN | B7: ➔ | C7: EKREM | D7: 12348.527
A8: GÜLTEKİN | B8: ➔ | C8: FATİH | D8: 33966.581
A11: 2. Döviz Cinsinden Ödeme Planı (Orijinal Kurlar)
A12: Para birimlerine göre ayrı ayrı borçlaşmaları gösterir (herkes kendi dövizinde ödeme yapmak isterse):
A13: Para Birimi | B13: Kimden (Borçlu) | C13: Yön | D13: Kime (Alacaklı) | E13: Tutar (Döviz Cinsi) | F13: TL Karşılığı
A14: TL | B14: EKREM | C14: ➔ | D14: FATİH | E14: 26040.36 | F14: 26040.36
A15: TL | B15: GÜLTEKİN | C15: ➔ | D15: FATİH | E15: 53199.86 | F15: 53199.86
A16: EUR | B16: FATİH | C16: ➔ | D16: EKREM | E16: 487.53 | F16: 25867.05
A17: EUR | B17: FATİH | C17: ➔ | D17: GÜLTEKİN | E17: 225.03 | F17: 11939.495
A18: SEK | B18: GÜLTEKİN | C18: ➔ | D18: EKREM | E18: 1046 | F18: 5054.7427
A19: SEK | B19: FATİH | C19: ➔ | D19: EKREM | E19: 910 | F19: 4397.5295
A22: 3. Kişi Bazlı Genel Bakiye Durumu (TL Eşdeğeri)
A23: Kişi | B23: Toplam Ödediği (TL Eşdeğer) | C23: Düşen Payı (TL Eşdeğer) | D23: Net Bakiye (TL) (Alacak / -Borç)
A24: EKREM | B24: 126861.02 | C24: 117582.06 | D24: 9278.962
A25: GÜLTEKİN | B25: 79961.09 | C25: 126276.2 | D25: -46315.107
A26: FATİH | B26: 122143.79 | C26: 85107.645 | D26: 37036.145
A29: 4. Kalem Bazlı Detaylı Borç Dağılımı (Hangi Kalem İçin Kim Kime Borçlu?)
A30: Harcama detaylarına göre kimin kime ne için borçlandığını gösteren ayrıntılı liste:
A31: No | B31: Kategori | C31: Harcama Kalemi | D31: Para Birimi | E31: Borçlu | F31: Alacaklı (Ödeyen) | G31: Borç Tutarı (Döviz) | H31: TL Karşılığı
A32: 1 | B32: Uçak | C32: Antalya → Tallinn bagajlı | D32: TL | E32: EKREM | F32: FATİH | G32: 13071.3 | H32: 13071.3
A33: 1 | B33: Uçak | C33: Antalya → Tallinn bagajlı | D33: TL | E33: GÜLTEKİN | F33: FATİH | G33: 13071.3 | H33: 13071.3
A34: 2 | B34: Uçak | C34: Antalya → Tallinn bagajsız | D34: TL | E34: EKREM | F34: FATİH | G34: 6047.72 | H34: 6047.72
A35: 2 | B35: Uçak | C35: Antalya → Tallinn bagajsız | D35: TL | E35: GÜLTEKİN | F35: FATİH | G35: 12095.44 | H35: 12095.44
A36: 3 | B36: Uçak | C36: Tallinn → Vilnius | D36: EUR | E36: EKREM | F36: GÜLTEKİN | G36: 118.57 | H36: 6291.01
A37: 3 | B37: Uçak | C37: Tallinn → Vilnius | D37: EUR | E37: FATİH | F37: GÜLTEKİN | G37: 103.58 | H37: 5495.6803
A38: 4 | B38: Otobüs | C38: Vilnius → Kaunas | D38: EUR | E38: GÜLTEKİN | F38: EKREM | G38: 40 | H38: 2122.294
A39: 4 | B39: Otobüs | C39: Vilnius → Kaunas | D39: EUR | E39: FATİH | F39: EKREM | G39: 20 | H39: 1061.147
A40: 5 | B40: Otobüs | C40: Kaunas → Riga | D40: TL | E40: GÜLTEKİN | F40: EKREM | G40: 3436 | H40: 3436
A41: 5 | B41: Otobüs | C41: Kaunas → Riga | D41: TL | E41: FATİH | F41: EKREM | G41: 1718 | H41: 1718
A42: 6 | B42: Otobüs | C42: Riga → Tallinn | D42: TL | E42: GÜLTEKİN | F42: EKREM | G42: 1458 | H42: 1458
A43: 6 | B43: Otobüs | C43: Riga → Tallinn | D43: TL | E43: FATİH | F43: EKREM | G43: 2916 | H43: 2916
... A58: 17 | B58: Uçak | C58: Oslo → İzmir bagajsız | D58: TL | E58: GÜLTEKİN | F58: FATİH | G58: 11219.56 | H58: 11219.56
C59: AFYON ANTALYA GİDİŞ | D59: TL | E59: FATİH | F59: EKREM | G59: 1080 | H59: 1080
